X,Y,Dist,bottom,surface
-160043.07856587897,-2213518.4817285803,0.0,293.64,1270.75
-160051.93129732582,-2213474.057407946,45.29782441507147,289.68914615086055,1271.0519581567155
-160060.74644281995,-2213429.625594631,90.59564883014293,286.0737290022625,1271.444811454614
-160069.5240809896,-2213385.1863812963,135.8934732452144,282.9714211556518,1271.9285770772346
-160078.19821408478,-2213340.726852586,181.19129766028587,279.92157587825255,1271.9908265818276
-160086.8247732502,-2213296.258057522,226.48912207535733,275.1336104066079,1268.0694447073183
-160095.38942360025,-2213251.7773148995,271.7869464904288,274.0328474964403,1268.6594019136094
-160103.97751448335,-2213207.301131144,317.08477090550025,273.4784065522731,1269.2423085414323
-160112.50288451594,-2213162.812836843,362.38259532057174,272.9142045225124,1269.8036026535913
-160121.13228532425,-2213118.344588209,407.6804197356432,272.3088437540553,1270.3360431240471
-160129.8032618129,-2213073.884438199,452.97824415071466,271.6083259989619,1270.7938916321239
-160138.5609628607,-2213029.4413099173,498.27606856578615,274.3291734926097,1271.2499255814084
-160147.44246839287,-2212985.022737783,543.5738929808576,278.1104056147456,1271.8351732353246
-160156.4017720694,-2212940.619965222,588.8717173959291,280.3343040283221,1269.2005768582312
-160165.4718773938,-2212896.239591717,634.1695418110005,283.3140318773283,1268.256771533387
-160174.68768412332,-2212851.8891603,679.467366226072,286.95180862361406,1269.072149869246
-160184.0211717295,-2212807.5633639083,724.7651906411435,290.65596414467734,1269.929288123553
-160193.52559369747,-2212763.2738956385,770.0630150562149,293.83581523163855,1270.8197781045865
-160203.18426420938,-2212719.0178339034,815.3608394712865,292.68603161085946,1271.7573212256293
-160213.0146691005,-2212674.799563769,860.6586638863579,291.79384011740603,1272.7451734081683
-160223.04252356128,-2212630.625750677,905.9564883014293,291.3750283287768,1273.7512912344578
-160233.32215727866,-2212586.509782389,951.2543127165009,294.3989368037644,1274.7716627563805
-160243.81366262553,-2212542.443933455,996.5521371315723,297.2705123976611,1275.8335290200018
-160254.54555404146,-2212498.4358885903,1041.8499615466437,300.2126202181908,1276.9398297313296
-160265.58366351467,-2212454.5036411104,1087.1477859617153,301.02537215020385,1273.016447765991
-160276.93091755072,-2212410.6502238037,1132.4456103767866,304.13197118722564,1274.5384506676774
-160288.58783459675,-2212366.878178221,1177.7434347918581,307.1307804030213,1276.0099156451286
-160300.59438910376,-2212323.200606799,1223.0412592069297,310.1662271074456,1277.490153229719
-160312.8463681378,-2212279.5912523475,1268.339083622001,312.3631229891629,1277.4676080075342
-160325.44500345757,-2212236.0807404644,1313.6369080370725,315.37696790478105,1275.1595669568692
-160338.24637866663,-2212192.629477776,1358.934732452144,319.9087041360851,1276.275735311455
-160351.22684424432,-2212149.2313554226,1404.2325568672154,324.3105388921121,1277.2173457127765
-160364.33370820826,-2212105.8712199274,1449.530381282287,332.75591038745154,1277.868572788217
-160377.55941800386,-2212062.547198144,1494.8282056973585,343.9517246390886,1278.2348501514853
-160390.83155989618,-2212019.2373449947,1540.1260301124298,353.03687645564247,1278.3521622117612
-160404.2767660283,-2211975.980977262,1585.4238545275014,356.3708874706877,1278.2928499890234
-160417.805307033,-2211932.7505441685,1630.721678942573,356.62472854331463,1278.1982952425144
-160431.43674759535,-2211889.552451788,1676.0195033576442,354.9819991750565,1278.1213891158288
-160445.14357754687,-2211846.378178251,1721.3173277727158,353.28126464134675,1278.0156942701033
-160458.9941591094,-2211803.249900645,1766.6151521877873,351.4774340538673,1277.812277139973
-160472.8990567956,-2211760.139131717,1811.9129766028586,349.53711695330816,1277.441396544495
-160486.94501329414,-2211717.0741850953,1857.2108010179302,344.24892544605655,1276.8085057625874
-160501.0731076584,-2211674.0360347554,1902.5086254330017,330.2200029147793,1275.8625101269643
-160515.26783759778,-2211631.019766152,1947.806449848073,310.19159364390083,1274.856315497945
-160529.5614324559,-2211588.036260882,1993.1042742631446,296.29711426814345,1278.2340205454716
-160544.13090024388,-2211545.145596709,2038.4020986782161,291.25525287031417,1276.5989330371212
-160558.90018565545,-2211502.323286996,2083.6999230932875,286.2952213378304,1275.0364726868922
-160574.07902496317,-2211459.644580239,2128.9977475083588,281.48348652058496,1273.6239815470176
-160589.58234994725,-2211417.082484154,2174.2955719234305,277.01398559111897,1272.4157232334962
-160605.50205659185,-2211374.6743767504,2219.593396338502,294.64991248778307,1271.4338684419217
-160621.76441171663,-2211332.396649773,2264.891220753573,313.19888292671936,1270.698131622996
-160638.36627721868,-2211290.2512422926,2310.189045168645,328.3041958860943,1270.1986049269262
-160655.2963175651,-2211248.2362847333,2355.4868695837163,343.57566307372633,1269.812613593319
-160672.55648063065,-2211206.3557977234,2400.7846939987876,358.8465708548837,1269.4539179931962
-160690.16869794534,-2211164.6221675565,2446.0825184138594,373.9401103632939,1268.8876535019717
-160708.05590031165,-2211123.005838847,2491.3803428289307,388.9418057055734,1268.660000257028
-160726.1524121092,-2211081.4799437663,2536.678167244002,398.91535903501216,1268.2772806742132
-160744.51530100877,-2211040.0711855036,2581.9759916590738,401.50187145175283,1267.526450220368
-160763.22562202872,-2210998.818225766,2627.273816074145,403.8881147415724,1266.6007715274782
-160782.2042491099,-2210957.6883367095,2672.5716404892164,406.20122705810167,1265.6043518344743
-160801.47939776946,-2210916.696483911,2717.869464904288,407.961270436971,1264.3580286482504
-160821.13213223114,-2210875.8842339385,2763.1672893193595,407.1565321356373,1263.1006505221255
-160841.27193953135,-2210835.3101200755,2808.465113734431,406.2286664765754,1261.7910536376658
-160861.87872666703,-2210794.9720498216,2853.7629381495026,405.4145890969519,1260.4755027187075
-160883.02597151272,-2210754.9144042437,2899.060762564574,415.2683078151903,1259.0481501913134
-160904.80290837135,-2210715.1955940546,2944.358586979645,424.318792612674,1258.1683481046957
-160927.17153991514,-2210675.8064195765,2989.656411394717,433.5039627030319,1257.339039973781
-160950.25236271226,-2210636.8300315426,3034.9542358097883,441.825795763548,1256.8022794842964
-160973.9448988281,-2210598.222826691,3080.2520602248596,448.66703237901254,1256.6720745457897
-160998.2393412274,-2210559.9914111267,3125.5498846399314,455.07552002013324,1256.5453744256054
-161023.14925430922,-2210522.158395988,3170.8477090550027,461.38952529729374,1255.9009494596983
-161048.59418174188,-2210484.683144627,3216.145533470074,464.21856756475074,1255.317017726517
-161074.56514829915,-2210447.5702092494,3261.443357885146,463.6287708753134,1254.6986286183
-161101.05329497842,-2210410.824914152,3306.741182300217,462.9121287414624,1253.9841057787548
-161127.94038303063,-2210374.3704808066,3352.0390067152885,462.05834529185984,1253.1299968800963
-161155.31847925167,-2210338.282848449,3397.33683113036,461.1625863054717,1252.206377010565
-161183.14286832468,-2210302.5381028755,3442.6346555454315,459.11476713371815,1250.6788285239709
-161211.46027782842,-2210267.182843204,3487.932479960503,456.36021020235347,1249.1863120804087
-161240.2623536339,-2210232.221211054,3533.2303043755746,453.6415394081274,1247.7673314672547
-161269.4595230427,-2210197.589060337,3578.528128790646,450.96379758508476,1246.4006411105488
-161299.1392549116,-2210163.369846884,3623.8259532057173,448.20271994131656,1244.7928847519229
-161329.18642174883,-2210129.4729518616,3669.123777620789,448.64964236017397,1244.1934726222562
-161359.57099395015,-2210095.878163089,3714.4216020358604,449.40577705489716,1243.639574661932
-161390.34560104884,-2210062.6403409773,3759.7194264509317,450.0539119671065,1242.9756950804144
-161421.4408610009,-2210029.7014971077,3805.0172508660035,450.57985536380875,1242.158168794962
-161452.92989608704,-2209997.1390681723,3850.3150752810748,453.7697496557665,1241.179266408179
-161484.66936292735,-2209964.8205908407,3895.612899696146,458.5868456907622,1240.0256677141224
-161516.7340356714,-2209932.824823685,3940.910724111218,463.95393828260825,1238.8388732757658
-161549.13643964552,-2209901.171043618,3986.208548526289,474.65795426737117,1238.5856368147715
-161581.80418661158,-2209869.791707966,4031.5063729413605,483.9509787041628,1238.2888008367604
-161614.71487251183,-2209838.667033252,4076.8041973564323,486.52637708977676,1238.0298914732107
-161647.93178776946,-2209807.868753513,4122.102021771503,487.9351052917999,1237.2376524393137
-161681.40715250708,-2209777.3517448963,4167.399846186575,489.43654427398803,1236.8011597034251
-161715.2002378046,-2209747.1872127797,4212.697670601647,491.11146380232856,1236.6910005465438
-161749.27012354162,-2209717.3352173087,4257.9954950167175,492.5690040183044,1236.648025186102
-161783.63258439928,-2209687.821092831,4303.293319431789,494.0498317058295,1236.9971081297215
-161818.26021868273,-2209658.617968573,4348.591143846861,495.56274714214464,1237.5335555505742
-161853.18775219104,-2209629.774919862,4393.888968261932,497.20315376703684,1238.250411228228
-161888.35387200178,-2209601.223146384,4439.186792677004,498.2410681640836,1237.5167001015554
-161923.80771287053,-2209573.02922675,4484.4846170920755,499.52958190210074,1237.1645612469774
-161959.47230050314,-2209545.1032170923,4529.782441507146,501.0114250684203,1237.0292525787506
-161995.42156286602,-2209517.5439532897,4575.080265922218,502.57924952878574,1236.7397188076784
-162031.61662323412,-2209490.308192082,4620.37809033729,503.99655798266554,1235.7675343450333
-162068.11981099812,-2209463.487153734,4665.675914752361,505.6430852169544,1235.0290633268557
-162104.86773855865,-2209437.0020844745,4710.9737391674325,507.45918086413275,1234.4082680117283
-162141.90775987308,-2209410.9277888723,4756.271563582504,511.02164397658146,1233.9154096554073
-162179.18772677844,-2209385.197494307,4801.569387997575,515.3981264624118,1233.5838637580205
-162216.7676608518,-2209359.9068639935,4846.867212412647,519.9467684649962,1233.3777783792711
-162254.63135941076,-2209335.043060587,4892.165036827719,512.4821834758967,1233.263869886953
-162292.71171288608,-2209310.51259891,4937.46286124279,451.3543590715142,1233.1917134084865
-162331.1055813144,-2209286.4757729955,4982.760685657861,449.70903295843357,1233.0145618848762
-162369.7307227849,-2209262.8121833643,5028.058510072933,447.40785357977944,1231.4315792705022
-162408.60907718627,-2209239.567136844,5073.356334488004,439.0971881358569,1230.255888275822
-162447.74167585018,-2209216.753592005,5118.654158903076,430.44216273460216,1228.7580425250671
-162487.1190999829,-2209194.364167564,5163.9519833181475,424.59247421913915,1227.8298896159645
-162526.80448032095,-2209172.524708429,5209.249807733218,417.70019415797987,1226.6553774984657
-162566.72377263833,-2209151.116608851,5254.54763214829,412.75183258748865,1225.5386363922182
-162606.92795533667,-2209130.2493556333,5299.845456563362,405.9199819724501,1224.492263640656
-162647.37033997668,-2209109.846607269,5345.143280978433,400.4419322950462,1223.4074608221692
-162688.1235025261,-2209090.072017556,5390.441105393505,396.0971110189474,1222.2672516866844
-162729.13625636094,-2209070.8406418217,5435.738929808576,390.56480513104805,1221.0937158429272
-162770.4072855858,-2209052.1705977973,5481.036754223647,386.2720897758227,1220.2036367510464
-162811.9198513901,-2209034.044186216,5526.334578638719,382.0230637742302,1218.4343115410772
-162853.71116731837,-2209016.5697649242,5571.632403053791,359.9399075868817,1216.8029375590922
-162895.67886119767,-2208999.5256640986,5616.930227468862,353.73073768670747,1215.150677018082
-162937.82684852503,-2208982.931722738,5662.228051883933,347.5958307016714,1213.4018889467097
-162980.15111179557,-2208966.7913274555,5707.525876299005,342.369654666853,1213.8203196974514
-163022.66292857728,-2208951.1504142177,5752.823700714076,337.1909151288649,1214.464665455283
-163065.3146270239,-2208935.897522888,5798.121525129148,331.57038792464306,1214.1828272203247
-163108.1070340072,-2208921.042259195,5843.41934954422,325.63213507836997,1212.9725482268336
-163151.0535756197,-2208906.6385421418,5888.71717395929,318.81475676771873,1211.4732969802046
-163194.11655980116,-2208892.5870379666,5934.014998374362,312.25742926217913,1210.6534352153271
-163237.31389683788,-2208878.9532930423,5979.312822789434,305.84902914553743,1210.4204364995749
-163280.6157908766,-2208865.6554259085,6024.610647204505,299.5293542760824,1210.0251584780942
-163324.04956227753,-2208852.795123371,6069.908471619577,287.3548383038301,1209.4972731045607
-163367.5878692687,-2208840.294924192,6115.206296034648,276.34217933550343,1208.8393450772282
-163411.2495515616,-2208828.2318913466,6160.504120449719,263.35104573247384,1207.8220201881386
-163455.01458705854,-2208816.551500695,6205.801944864791,225.11063829184462,1205.3641377730082
-163498.88391448662,-2208805.2685852,6251.099769279863,154.76189610000918,1202.981660852313
-163542.88434128984,-2208794.505710086,6296.397593694934,78.21278354392572,1200.9588831548533
-163586.97699618828,-2208784.127795434,6341.695418110005,37.872667577202634,1202.0612253664178
-163631.16205736558,-2208774.1496153637,6386.993242525077,39.096347270331066,1204.5815340921872
-163675.44539355315,-2208764.6174473837,6432.291066940148,38.51303486858812,1204.0190370353275
-163719.82038897715,-2208755.521494205,6477.58889135522,38.00048358135568,1203.4357484135571
-163764.28624166534,-2208746.882668757,6522.886715770292,41.059486026035046,1202.8313872407962
-163808.8112973399,-2208738.553791511,6568.1845401853625,45.33413694911376,1202.2422903225076
-163853.40834527306,-2208730.6201946824,6613.482364600434,49.62874667359515,1201.698955911986
-163898.08785149865,-2208723.16502086,6658.780189015506,53.98458758701756,1201.2177966930203
-163942.8182774545,-2208716.0186430127,6704.078013430577,62.146212381881455,1200.7815459698018
-163987.61101663538,-2208709.274232804,6749.375837845649,83.51053980954845,1200.3849515647737
-164032.43384992593,-2208702.7330050897,6794.67366226072,107.54947395673851,1202.285367798017
-164077.30675094758,-2208696.5456877723,6839.971486675791,114.68531041348362,1204.445454890253
-164122.2155239374,-2208690.6231591143,6885.269311090863,122.16797740503962,1203.915982142433
-164167.15697830182,-2208684.9556760564,6930.567135505935,130.45873920118734,1203.339497880081
-164212.12137215986,-2208679.471945076,6975.864959921006,133.33744149281446,1202.7048471382302
-164257.09787781315,-2208674.0858040457,7021.1627843360775,136.4266860137179,1202.0034174860375
-164302.09839160735,-2208668.907091568,7066.460608751149,139.11107103853888,1201.2815251392494
-164347.11613560852,-2208663.877359704,7111.75843316622,140.9141588808892,1200.5678302498416
-164392.1314587153,-2208658.8258495717,7157.056257581292,142.20045821292538,1199.851043167592
-164437.1708092525,-2208653.9964212924,7202.354081996364,143.58645767117338,1199.1521186860466
-164482.21094016894,-2208649.17423264,7247.6519064114345,147.77023572815062,1201.2895876172145
-164527.2510695071,-2208644.3519835877,7292.949730826506,150.92439836367973,1202.8081105827678
-164572.30411890268,-2208639.649049366,7338.247555241578,153.06453151755275,1202.2348826819123
-164617.36606310192,-2208635.034836471,7383.545379656649,155.19534108793874,1201.7099479469898
-164662.4301456472,-2208630.4417979005,7428.843204071721,157.3750013573402,1201.2344581251687
-164707.49453440408,-2208625.8518212945,7474.1410284867925,159.55646064148723,1200.7455046840373
-164752.56885818293,-2208621.3604181637,7519.438852901863,159.98112924779227,1197.1844811606247
-164797.65369390597,-2208616.9732660847,7564.736677316935,163.15938033826896,1195.5776689304917
-164842.7394871664,-2208612.5955732893,7610.034501732007,168.20408260888865,1199.361805944634
-164887.82513776486,-2208608.2164052995,7655.332326147078,169.65059194724572,1193.9265986438313
-164932.92066580628,-2208603.943043432,7700.6301505621495,173.4226147871895,1193.3880546645269
-164978.01677728753,-2208599.6759063895,7745.927974977221,176.01495944695898,1192.8762948757012
-165023.11267099832,-2208595.406458268,7791.225799392292,178.27321916759539,1192.2935918499406
-165068.21885760984,-2208591.247143762,7836.523623807364,182.0889301302452,1191.6501764582476
-165113.32491817485,-2208587.0865178476,7881.821448222436,186.33474344727503,1191.0366907984971
-165158.42061051648,-2208582.8149511865,7927.119272637507,190.83951035114393,1190.4743944746936
-165203.52648420716,-2208578.6523122224,7972.417097052578,198.6306442219371,1189.984056511717
-165248.62204793317,-2208574.379392233,8017.71492146765,243.4190541231086,1184.6000629908463
-165293.72756624973,-2208570.212905861,8063.012745882721,256.50211752711743,1184.354201765184
-165338.82309360986,-2208565.939625863,8108.310570297793,255.22749481328458,1184.2240071520591
-165383.92961316768,-2208561.7838325985,8153.6083947128645,251.45743587230396,1180.4946658968602
-165429.0348819223,-2208557.6146077104,8198.906219127935,243.81402488332384,1179.2430782044858
-165474.1395097873,-2208553.438592911,8244.204043543006,231.22969392583144,1179.3430113611416
-165519.25614526166,-2208549.390753894,8289.501867958079,218.58431508664845,1178.0337693517977
-165564.3714983166,-2208545.328821458,8334.79969237315,204.1838496818752,1174.1660973976475
-165609.49692182662,-2208541.3837258397,8380.09751678822,193.58966114023463,1173.7341715362645
-165654.61227322923,-2208537.3218443776,8425.395341203293,189.2802039527925,1173.0814793500858
-165699.73758359844,-2208533.375460541,8470.693165618364,187.04203388895684,1172.1790690733048
-165744.8530984217,-2208529.315699463,8515.990990033435,186.660724810109,1171.0633575886015
-165789.95710237222,-2208525.1328881416,8561.288814448508,179.8647826979403,1169.7297928579828
-165835.07405845931,-2208521.0881678164,8606.586638863579,159.68050388812907,1168.2024356535874
-165880.17911366597,-2208516.9165949374,8651.88446327865,148.0782846490854,1166.4430833097756
-165925.2838803625,-2208512.7419336983,8697.182287693722,136.48357190028688,1164.3624877736202
-165970.3840931313,-2208508.518749522,8742.480112108793,126.64878298113334,1161.922316576701
-166015.47642552768,-2208504.2116507418,8787.777936523864,103.37696838483316,1159.4054834227131
-166060.57019165388,-2208499.919838174,8833.075760938937,91.10558388484478,1161.3165649417522
-166105.66476063165,-2208495.6365209287,8878.373585354007,75.19680860953885,1158.135497751573
-166150.74822938308,-2208491.2350819446,8923.671409769078,63.597123945117744,1157.151969745235
-166195.83125293508,-2208486.8289585495,8968.969234184151,51.24126489855004,1157.066653486718
-166240.91390869042,-2208482.4191885763,9014.267058599222,40.69485909732512,1156.383818543874
-166285.9847364406,-2208477.8929181383,9059.564883014293,31.924595965026825,1156.277630794395
-166331.06327733712,-2208473.4425896886,9104.862707429365,23.524614026379396,1155.9102521005398
-166376.1339197829,-2208468.9144113334,9150.160531844436,15.249277209775853,1155.9461339211878
-166421.19972573852,-2208464.3386188275,9195.458356259507,8.340073773994044,1156.049193946767
-166466.26022215147,-2208459.7105570314,9240.75618067458,5.808888170321118,1156.3489525824054
-166511.313583156,-2208455.0123608634,9286.05400508965,4.588175586907808,1154.292085810334
-166556.3618387229,-2208450.2639046623,9331.351829504722,10.60528595078595,1157.2244100553867
-166601.40962982457,-2208445.511198418,9376.649653919794,14.162185244366412,1156.0274100411332
-166646.44630766386,-2208440.6567018772,9421.947478334865,22.23477438992693,1154.6642609230682
-166691.47502166565,-2208435.72928373,9467.245302749936,33.125977683626544,1156.1888089891606
-166736.4935346976,-2208430.7084549963,9512.543127165009,43.68515126719483,1157.109045415305
-166781.51014896372,-2208425.6694880463,9557.84095158008,53.288383217890825,1155.8515614059163
-166826.50711484614,-2208420.459851318,9603.13877599515,62.90903408274764,1154.6083675150546
-166871.50781658877,-2208415.2822218244,9648.436600410223,72.57291985979522,1153.4051653407698
-166916.50330777743,-2208410.0600417815,9693.734424825294,82.60494435247692,1152.9750484643312
-166961.49040931536,-2208404.7660417007,9739.032249240365,92.86911922926109,1156.2288519221615
-167006.48574080082,-2208399.5424316768,9784.330073655437,94.00457042921363,1155.218402795516
-167051.47379157544,-2208394.256557687,9829.627898070508,100.81886584183192,1154.3342543947197
-167096.45633469985,-2208388.923595851,9874.92572248558,106.19637329129709,1153.5676815414147
-167141.45062655694,-2208383.691080953,9920.223546900652,113.62482934116073,1152.989254274393
-167186.449288201,-2208378.495910361,9965.521371315723,120.59199738206192,1152.6725663417872
-167231.44701202822,-2208373.2927070553,10010.819195730794,129.00435809551342,1152.5796602213857
-167276.43167073742,-2208367.97791807,10056.117020145866,137.47012918605216,1152.6448431366214
-167321.4282175924,-2208362.764647404,10101.414844560937,143.04182528858593,1149.2849131525172
-167366.4248053979,-2208357.5517188245,10146.712668976008,147.6230055562196,1147.898229328517
-167411.42106738515,-2208352.335998713,10192.01049339108,141.99549947731114,1147.9405286323924
-167456.4166147103,-2208347.1141614295,10237.308317806152,136.227649525045,1147.873706176246
-167501.41331783263,-2208341.9021830615,10282.606142221222,130.39669035231418,1147.6654630361522
-167546.41029950633,-2208336.692623884,10327.903966636295,123.02039951810369,1146.1981274501388
-167591.4191846351,-2208331.5845759413,10373.201791051366,108.90480275946209,1142.0108498481454
-167636.41535801528,-2208326.368051682,10418.499615466437,103.09003092790742,1141.7004238289435
-167681.42434997414,-2208321.2608571914,10463.79743988151,96.5219405006511,1141.519574125487
-167726.43343338938,-2208316.15445961,10509.09526429658,88.65177959861296,1141.543950104776
-167771.44225312903,-2208311.045737245,10554.393088711651,75.88285831772801,1137.9199046182343
-167816.45100671364,-2208305.9364444795,10599.690913126724,73.13550909658795,1137.2574356252844
-167861.472459938,-2208300.9428079817,10644.988737541795,71.99416446225646,1133.89551360548
-167906.480414616,-2208295.826300304,10690.286561956866,74.14426785218018,1133.5632797461506
-167951.48853675261,-2208290.7113497653,10735.584386371938,71.35040912613346,1130.3432051119125
-167996.5091432321,-2208285.710183084,10780.88221078701,77.32994687738142,1130.2950430869803
-168041.50358163417,-2208280.478914472,10826.18003520208,81.16555516522936,1127.2555335477844
-168086.499076043,-2208275.2564950683,10871.477859617153,84.04789304734004,1127.593018055362
-168131.47915207307,-2208269.9028589297,10916.775684032224,94.74670751283512,1124.8913849717933
-168176.43324959168,-2208264.3353849356,10962.073508447294,95.47075277665823,1124.0133365823008
-168221.37189521926,-2208258.6443305295,11007.371332862367,83.26915691712756,1122.5095160804935
-168266.29597854332,-2208252.8378757443,11052.669157277438,90.05203298767482,1119.6576711445182
-168311.18928115087,-2208246.8007494,11097.966981692509,79.61825472757411,1117.4823831064355
-168356.05456460695,-2208240.5572505095,11143.264806107582,77.82181419769827,1118.8673752970526
-168400.88814902495,-2208234.0885235523,11188.562630522652,71.9618604939707,1116.492214024018
-168445.70591368744,-2208227.513185889,11233.860454937723,70.56577976833032,1117.8116745646748
-168490.49789764083,-2208220.765341653,11279.158279352796,65.39135105492208,1115.185069817947
-168535.24766138184,-2208213.742068301,11324.456103767867,64.88780113610602,1114.0904140415103
-168579.98079938197,-2208206.6120301387,11369.753928182938,65.73952403922559,1112.667445391123
-168624.68727968697,-2208199.318488671,11415.05175259801,66.53953062126915,1113.8038145648607
-168669.37729762204,-2208191.926186329,11460.349577013081,67.28312756078206,1114.3672070914045
-168714.0379480953,-2208184.357021563,11505.647401428152,64.62066808862284,1110.3557409185664
-168758.6576483772,-2208176.5481425924,11550.945225843225,61.70902753906674,1111.0468494004763
-168803.2690894972,-2208168.6933392035,11596.243050258296,61.594562836042996,1111.6756319312776
-168847.84937355103,-2208160.6641947073,11641.540874673366,56.92740780569828,1111.8948902593158
-168892.4127803861,-2208152.540226468,11686.83869908844,54.93436176881773,1107.887889202841
-168936.9409670847,-2208144.2273451923,11732.13652350351,41.60002531104519,1108.4491896525403
-168981.45898832046,-2208135.859882634,11777.43434791858,30.231174422948747,1108.7096114072083
-169025.95785200482,-2208127.389760074,11822.732172333654,11.886542070617407,1108.6868295845204
-169070.45480735938,-2208118.9096228397,11868.029996748724,8.814478285540593,1108.3555325396358
-169114.93236463793,-2208110.329640191,11913.327821163795,6.912039131723004,1107.6849488974578
-169159.39515265325,-2208101.6737378566,11958.625645578868,4.263590939249598,1106.6783440822828
-169203.8487461708,-2208092.9705607565,12003.923469993939,2.4751752989445897,1106.019839046401
-169248.29577844488,-2208084.233682506,12049.22129440901,3.486961765006537,1108.8522989031321
-169292.71213031636,-2208075.3434985992,12094.519118824082,3.319921762400583,1107.0940092710189
-169337.14802075844,-2208066.54851651,12139.816943239153,-0.42808994146466156,1108.4353216247655
-169381.55728845188,-2208057.6217800803,12185.114767654224,-6.2590250341539715,1108.4238514659846
-169425.9437942714,-2208048.582623373,12230.412592069297,-8.119491073421077,1106.7164465508076
-169470.3144234529,-2208039.465047257,12275.710416484368,-7.314540461059583,1105.9307094728588
-169514.67885490143,-2208030.3167946003,12321.008240899439,0.1785786727798801,1108.5118710395936
-169559.02447190197,-2208021.0789676,12366.306065314511,0.3939173110815246,1106.8947892137226
-169603.36325407264,-2208011.8085872415,12411.603889729582,-1.2344023160958653,1105.155920959879
-169647.7015261646,-2208002.535880148,12456.901714144653,0.7759862765434579,1108.4428589380273
-169692.0236476489,-2207993.186260375,12502.199538559726,-11.163549866252781,1106.8068271626369
-169736.3393952835,-2207983.806330155,12547.497362974796,-19.430682437048347,1105.078970099859
-169780.63019852675,-2207974.3077974454,12592.795187389867,-28.153039844497517,1107.044883953286
-169824.94783323962,-2207964.936855071,12638.09301180494,-27.38417716950802,1106.5848161142405
-169869.24007890312,-2207955.4453084976,12683.39083622001,-39.5453872125582,1104.8335944315766
-169913.53424278644,-2207945.9625779777,12728.688660635082,-42.939724758893426,1104.2789271003908
-169957.80183238816,-2207936.3579966007,12773.986485050154,-40.861393095318775,1106.2053462528133
-170002.06924299579,-2207926.7525005396,12819.284309465225,-46.26492766658931,1104.3072293646323
-170046.314341421,-2207917.044908591,12864.582133880296,-47.36514346708183,1106.36031042088
-170090.5586477424,-2207907.3336781673,12909.879958295369,-34.99729180895649,1105.3980847987114
-170134.75316490835,-2207897.3983066594,12955.17778271044,-36.762382787179426,1103.4011463242077
-170178.94675348373,-2207887.4588140203,13000.47560712551,-28.547908131595598,1106.3633249577451
-170223.1143070269,-2207877.4042100874,13045.773431540583,-13.3679793053185,1104.282129590304
-170267.23355826898,-2207867.139550314,13091.071255955654,-10.748810427663564,1102.148580587514
-170311.3491074045,-2207856.8592972374,13136.369080370725,-6.327862052406197,1104.2186094890717
-170355.4401123805,-2207846.474118182,13181.666904785798,4.670681702995678,1102.7245139347094
-170399.5054408711,-2207835.979390967,13226.964729200869,0.16290158578158237,1100.5202387630188
-170443.56693193348,-2207825.4686685335,13272.26255361594,-0.4650585562469542,1103.2054535938803
-170487.5776950109,-2207814.748389706,13317.560378031012,24.041572627502017,1100.959244922773
-170531.58892711005,-2207804.0301345047,13362.858202446083,34.87194134773831,1100.6840858896564
-170575.56907726728,-2207793.1841920726,13408.156026861154,48.5513379339469,1101.557858381662
-170619.52539557047,-2207782.2429497084,13453.453851276226,54.92585738551564,1099.3994708457305
-170663.4541321806,-2207771.191517647,13498.751675691297,52.981944272082345,1097.422282939419
-170707.35304127194,-2207760.0208750404,13544.049500106368,55.661873189460984,1100.1317606288253
-170751.2261762285,-2207748.7506363783,13589.34732452144,53.526214869088584,1097.975801692412
-170795.09096923983,-2207737.4480150817,13634.645148936512,51.54553052861809,1095.8484688451576
-170838.93269625626,-2207726.0562126082,13679.942973351583,76.26137757307784,1098.545588459089
-170882.74621574127,-2207714.5551698534,13725.240797766655,49.73717146913566,1096.963514260029
-170926.53123705558,-2207702.9473686134,13770.538622181726,45.123268601781255,1095.4915401262597
-170970.30509502656,-2207691.2976919687,13815.836446596797,3.4200803270750293,1098.55165703995
-171014.05592467226,-2207679.5615224415,13861.13427101187,2.0236253062952243,1096.9303101408677
-171057.7811833315,-2207667.729630246,13906.43209542694,3.0108586350119984,1095.335655727596
-171101.4958685925,-2207655.8591295956,13951.729919842011,-0.7803652680081845,1093.7152399251056
-171145.188770818,-2207643.909296309,13997.027744257084,5.3334834448255855,1094.7618704607466
-171188.86223508185,-2207631.88861043,14042.325568672155,24.729172620560917,1095.2885145344585
-171232.51397765393,-2207619.789035731,14087.623393087226,52.38211608843031,1093.5229660992743
-171276.14660749194,-2207607.619946939,14132.921217502299,50.19850562595592,1091.7138368960066
-171319.77819312972,-2207595.447113625,14178.21904191737,49.50387815111277,1092.8299617190025
-171363.39566837906,-2207583.224403234,14223.51686633244,48.46071778840363,1092.9245014573467
-171406.99486682966,-2207570.9370970535,14268.814690747513,44.66492740805752,1090.9990132117077
-171450.58014443764,-2207558.600549077,14314.112515162584,47.472859450465464,1089.7091705082148
-171494.16744883565,-2207546.271152694,14359.410339577655,45.90069145179238,1092.105226418864
-171537.71875076837,-2207533.8147222847,14404.708163992727,41.07357919205162,1090.1828378029563
-171581.26810668642,-2207521.3516063844,14450.005988407798,39.52920174824925,1088.3180365818166
-171624.7722165031,-2207508.731859507,14495.303812822869,37.5246967050879,1087.3118083510096
-171668.29065175063,-2207496.161082112,14540.601637237942,27.782173912946238,1089.7709471698781
-171711.78443303032,-2207483.5057805497,14585.899461653013,21.894202217362142,1088.0760785683228
-171755.26972684433,-2207470.821388279,14631.197286068083,16.052413733626743,1086.4545781233867
-171798.7275888092,-2207458.042864601,14676.495110483156,9.984728091371315,1084.9514960340357
-171842.15616786614,-2207445.165914875,14721.792934898227,3.746137821431598,1083.5750862608966
-171885.58828730445,-2207432.299701828,14767.090759313298,-2.5596027337540272,1082.369736404679
-171928.92487103137,-2207419.113167936,14812.38858372837,-9.559497688932577,1081.2841701300745
-171972.23019935619,-2207405.81576087,14857.686408143441,-15.984916773296971,1080.197297970653
-172015.51386114172,-2207392.440219547,14902.984232558512,-21.75624304383717,1079.1020472906437
-172058.77531949765,-2207378.9859129046,14948.282056973585,-26.873476500553377,1077.9984180900465
-172102.01403753378,-2207365.452209881,14993.579881388656,-31.336617143445174,1076.886410368861
-172145.22947835992,-2207351.8384794174,15038.877705803727,-35.14566497251277,1075.7660241270876
-172188.42110508578,-2207338.144090451,15084.1755302188,-38.30061998775629,1074.6372593647266
-172231.58838082102,-2207324.3684119205,15129.47335463387,-40.80148218917549,1073.5001160817774
-172274.73076867554,-2207310.5108127636,15174.771179048941,-42.64825157677049,1072.3545942782403
-172317.84773175896,-2207296.570661921,15220.069003464014,-43.840928150541345,1071.2006939541152
-172360.93873318116,-2207282.547328331,15265.366827879085,-44.37951191048793,1070.0384151094022
-172404.00323605182,-2207268.4401809312,15310.664652294156,-44.26400285661033,1068.867757744101
-172447.04070348074,-2207254.2485886607,15355.962476709228,-43.49440098890851,1067.688721858212
-172490.05059857768,-2207239.9719204595,15401.260301124299,-42.07070630738248,1066.5013074517346
-172533.0323844523,-2207225.609545265,15446.55812553937,-39.9929188120323,1065.30551452467
-172575.98552421445,-2207211.1608320167,15491.855949954443,-37.26103850285778,1064.1013430770167
-172618.9094809739,-2207196.6251496524,15537.153774369513,-33.875065379859166,1062.8887931087759
-172661.8037178403,-2207182.0018671122,15582.451598784584,-29.83499944303637,1061.667864619947
-172704.66769792346,-2207167.2903533336,15627.749423199657,-25.140840692389173,1060.43855761053
-172747.50088433316,-2207152.4899772555,15673.047247614728,-19.792589127917967,1059.2008720805252
-172790.30274017915,-2207137.6001078174,15718.345072029799,-13.834752389609829,1057.970446087727
-172833.0727285712,-2207122.6201139577,15763.642896444871,-7.515394919574476,1056.8344387374852
-172875.81031261897,-2207107.549364615,15808.940720859942,-0.8728507949305904,1055.8063189648788
-172918.5149554323,-2207092.387228728,15854.238545275013,6.092879984322074,1054.886086769907
-172961.18612012098,-2207077.1330752354,15899.536369690086,13.381797418183812,1054.07374215257
-173003.82326979458,-2207061.7862730753,15944.834194105157,20.993901506654048,1053.369285112868
-173046.4258675631,-2207046.3461911883,15990.132018520228,28.929192249733052,1052.772715650801
-173088.99337653615,-2207030.8121985113,16035.4298429353,37.187669647421174,1052.284033766369
-173131.52525982354,-2207015.1836639843,16080.727667350371,45.76933369971775,1051.9032394595718
-173174.02098053496,-2206999.4599565454,16126.025491765442,54.6741844066231,1051.6303327304095
-173216.4800017802,-2206983.6404451327,16171.323316180515,63.90222176813762,1051.4653135788822
-173258.90178666904,-2206967.724498686,16216.621140595586,73.45344578426054,1051.4081820049898
-173301.28579831123,-2206951.711486144,16261.918965010656,83.32785645499224,1051.4589380087325
-173343.63149981652,-2206935.600776445,16307.216789425729,93.52545378033315,1051.61758159011
-173385.93835429463,-2206919.391738528,16352.5146138408,104.0462377602824,1051.884112749122
-173428.2058248553,-2206903.0837413305,16397.81243825587,114.89020839484046,1052.2585314857695
-173470.4333746084,-2206886.676153794,16443.110262670943,126.05736568400772,1052.7408378000516
-173512.62046666356,-2206870.1683448544,16488.408087086013,137.54770962778287,1053.3310316919687
-173554.7665641306,-2206853.559683452,16533.705911501085,149.36124022616772,1054.0291131615209
-173596.87113011928,-2206836.849538525,16579.003735916158,161.49795747916139,1054.8350822087077
-173638.93643119693,-2206820.044046742,16624.301560331227,169.06846303727616,1054.7300189879002
-173680.99365149965,-2206803.2189677036,16669.5993847463,153.4320750153571,1050.4250039522674
-173723.05052995807,-2206786.393041188,16714.897209161372,148.1786292227277,1049.9067997130987
-173765.10300008697,-2206769.5559917074,16760.19503357644,131.7925452072243,1045.8835342252173
-173807.2011946787,-2206752.834416069,16805.492857991514,131.06010340984378,1045.6530029581327
-173849.25797576987,-2206736.008271238,16850.790682406587,127.89262526604185,1042.291252170701
-173891.31458313458,-2206719.1816998995,16896.088506821656,134.261437070091,1038.0767435278092
-173933.415541475,-2206702.467235097,16941.38633123673,133.92467092123027,1035.6685647821541
-173975.4889292857,-2206685.6830392214,16986.6841556518,135.9547129102899,1034.6235548885713
-174017.5892318655,-2206668.966700634,17031.98198006687,135.16988808836342,1031.9352420377159
-174059.70424553976,-2206652.2874260377,17077.279804481943,134.00661881154497,1027.9421168903768
-174101.84055605,-2206635.6621533455,17122.577628897016,144.60387770258026,1025.280031492781
-174144.0069421891,-2206619.1129439776,17167.875453312085,136.10755910731103,1025.1443897246593
-174186.1898340432,-2206602.6054714858,17213.173277727157,140.10351096929173,1022.258257086747
-174228.37047657266,-2206586.0922616962,17258.47110214223,122.32446659813013,1021.0357545083504
-174270.55665800587,-2206569.5932399286,17303.7689265573,111.15119494341761,1018.3105546277185
-174312.78169990005,-2206553.1945945695,17349.06675097237,83.6729176028055,1014.0633220268065
-174355.00060304685,-2206536.7800492016,17394.364575387444,63.83081415201552,1010.9100460805121
-174397.25330133867,-2206520.452920522,17439.662399802513,45.44859112852205,1010.9591658186631
-174439.51814467908,-2206504.157189784,17484.960224217586,26.81673837065877,1007.6372248721289
-174481.82607717926,-2206487.9728326066,17530.25804863266,10.763312283117317,1007.6929440962354
-174524.1316695092,-2206471.7824124484,17575.555873047728,-6.9089706643642685,1004.1269806753915
-174566.47371443597,-2206455.688221735,17620.8536974628,-23.132289451057783,1004.0412427387511
-174608.8220291437,-2206439.610618388,17666.151521877873,-39.28334127498881,1004.4210246577042
-174651.17561850822,-2206423.546848984,17711.449346292942,-56.409474079033615,1002.9350913922758
-174693.60016213616,-2206407.6708042184,17756.747170708015,-86.23006596851891,999.3544278377343
-174735.9860386586,-2206391.692563364,17802.044995123088,-115.48294402289032,998.937757582119
-174778.41536959753,-2206375.829262169,17847.342819538157,-124.41692077038415,998.3776040934512
-174820.84477051333,-2206359.9661408244,17892.64064395323,-133.5281523054933,997.7651671495341
-174863.27377088403,-2206344.101949074,17937.938468368302,-142.68902273767347,997.1022957573866
-174905.70151656924,-2206328.234375538,17983.23629278337,-151.8920990237543,996.3986032908064
-174948.16795809453,-2206312.4715053076,18028.534117198444,-159.86587679225332,995.654253704422
-174990.636804252,-2206296.71502379,18073.831941613516,-164.9,994.86
